{"cameraMode":{"drawMode":0,"name":"Shaded","section":"Shading Mode"},"sceneLighting":false,"audioPlay":false,"sceneViewState":{"showFog":true,"showMaterialUpdate":true,"showSkybox":false,"showFlares":true,"showImageEffects":true,"showParticleSystems":true},"in2DMode":false,"pivot":{"x":0.0,"y":-0.000014543533325195313,"z":-0.000002384185791015625},"rotation":{"x":-0.26545217633247378,"y":-0.10504917800426483,"z":0.0291119571775198,"w":-0.9579938054084778},"size":8.56423568725586,"orthographic":false}