{"cameraMode":{"drawMode":0,"name":"Shaded","section":"Shading Mode"},"sceneLighting":true,"audioPlay":false,"sceneViewState":{"showFog":true,"showMaterialUpdate":true,"showSkybox":true,"showFlares":true,"showImageEffects":true,"showParticleSystems":true},"in2DMode":false,"pivot":{"x":272.6199951171875,"y":-186.49392700195313,"z":260.1600036621094},"rotation":{"x":-0.20708005130290986,"y":0.04574649780988693,"z":-0.009706158190965653,"w":-0.9772589206695557},"size":7.646189212799072,"orthographic":false}